{
	"info": {
		"_postman_id": "b2582fe9-935e-44d5-a4c2-3409a3fd7cad",
		"name": "NodeProject",
		"schema": "https://schema.getpostman.com/json/collection/v2.1.0/collection.json",
		"_exporter_id": "37419626"
	},
	"item": [
		{
			"name": "Brand",
			"item": [
				{
					"name": "addBrand",
					"request": {
						"method": "POST",
						"header": [
							{
								"key": "Authorization",
								"value": "{{token}}",
								"type": "text"
							}
						],
						"body": {
							"mode": "formdata",
							"formdata": [
								{
									"key": "brandName",
									"value": "test",
									"type": "text"
								},
								{
									"key": "description",
									"value": "clothes",
									"type": "text"
								},
								{
									"key": "brandLogo",
									"type": "file",
									"src": "/E:/coffee-1497619_640.jpg"
								}
							]
						},
						"url": {
							"raw": "localhost:5000/api/addBrand",
							"host": [
								"localhost"
							],
							"port": "5000",
							"path": [
								"api",
								"addBrand"
							]
						}
					},
					"response": []
				},
				{
					"name": "getAllBrand",
					"request": {
						"method": "POST",
						"header": [],
						"body": {
							"mode": "urlencoded",
							"urlencoded": [
								{
									"key": "status",
									"value": "false",
									"type": "text",
									"disabled": true
								}
							]
						},
						"url": {
							"raw": "localhost:5000/api/getAllBrand",
							"host": [
								"localhost"
							],
							"port": "5000",
							"path": [
								"api",
								"getAllBrand"
							]
						}
					},
					"response": []
				},
				{
					"name": "getSingleBrand",
					"request": {
						"method": "POST",
						"header": [],
						"body": {
							"mode": "urlencoded",
							"urlencoded": [
								{
									"key": "_id",
									"value": "66f25eebda1018c4437f587c",
									"type": "text"
								}
							]
						},
						"url": {
							"raw": "localhost:5000/api/getSingleBrand",
							"host": [
								"localhost"
							],
							"port": "5000",
							"path": [
								"api",
								"getSingleBrand"
							]
						}
					},
					"response": []
				},
				{
					"name": "deleteBrand",
					"request": {
						"method": "POST",
						"header": [],
						"body": {
							"mode": "urlencoded",
							"urlencoded": [
								{
									"key": "id",
									"value": "66bf041e4d1b6b13f472505e",
									"type": "text"
								}
							]
						},
						"url": {
							"raw": "localhost:5000/api/deleteBrand",
							"host": [
								"localhost"
							],
							"port": "5000",
							"path": [
								"api",
								"deleteBrand"
							]
						}
					},
					"response": []
				},
				{
					"name": "deleteByParam/_id",
					"request": {
						"method": "DELETE",
						"header": [],
						"url": {
							"raw": "localhost:5000/api/deleteByParam/66c8394839389dddd294924f",
							"host": [
								"localhost"
							],
							"port": "5000",
							"path": [
								"api",
								"deleteByParam",
								"66c8394839389dddd294924f"
							]
						}
					},
					"response": []
				},
				{
					"name": "updateBrand",
					"request": {
						"method": "POST",
						"header": [
							{
								"key": "Authorization",
								"value": "{{token}}",
								"type": "text"
							}
						],
						"body": {
							"mode": "formdata",
							"formdata": [
								{
									"key": "_id",
									"value": "66e55ba5001b0015078de0fa",
									"type": "text"
								},
								{
									"key": "brandName",
									"value": "gucci",
									"type": "text"
								},
								{
									"key": "description",
									"value": "clothes",
									"type": "text"
								},
								{
									"key": "brandLogo",
									"type": "file",
									"src": [
										"/E:/pexels-pixabay-325876.jpg",
										"/E:/images.jpg"
									]
								}
							]
						},
						"url": {
							"raw": "localhost:5000/api/updateBrand",
							"host": [
								"localhost"
							],
							"port": "5000",
							"path": [
								"api",
								"updateBrand"
							]
						}
					},
					"response": []
				},
				{
					"name": "softDeleteBrand",
					"request": {
						"method": "POST",
						"header": [
							{
								"key": "Authorization",
								"value": "{{token}}",
								"type": "text"
							}
						],
						"body": {
							"mode": "urlencoded",
							"urlencoded": [
								{
									"key": "_id",
									"value": "66f25eebda1018c4437f587c",
									"type": "text"
								}
							]
						},
						"url": {
							"raw": "localhost:5000/api/softDeleteBrand",
							"host": [
								"localhost"
							],
							"port": "5000",
							"path": [
								"api",
								"softDeleteBrand"
							]
						}
					},
					"response": []
				}
			]
		},
		{
			"name": "Product",
			"item": [
				{
					"name": "addProduct",
					"request": {
						"method": "POST",
						"header": [
							{
								"key": "authorization",
								"value": "{{token}}",
								"type": "text"
							}
						],
						"body": {
							"mode": "formdata",
							"formdata": [
								{
									"key": "productName",
									"value": "trouser",
									"type": "text"
								},
								{
									"key": "description",
									"value": "4 colour",
									"type": "text"
								},
								{
									"key": "size",
									"value": "l,xl",
									"type": "text"
								},
								{
									"key": "price",
									"value": "3000",
									"type": "text"
								},
								{
									"key": "productImages",
									"type": "file",
									"src": [
										"/E:/93237a3edf30c2650fd2dc1f0fb51b6f.jpg",
										"/E:/aadhaar-card-025908124-16x9.webp",
										"/E:/images.jpg"
									]
								}
							]
						},
						"url": {
							"raw": "localhost:5000/api/addProduct",
							"host": [
								"localhost"
							],
							"port": "5000",
							"path": [
								"api",
								"addProduct"
							]
						}
					},
					"response": []
				},
				{
					"name": "getAllProduct",
					"request": {
						"method": "POST",
						"header": [],
						"body": {
							"mode": "urlencoded",
							"urlencoded": []
						},
						"url": {
							"raw": "localhost:5000/api/getAllProduct",
							"host": [
								"localhost"
							],
							"port": "5000",
							"path": [
								"api",
								"getAllProduct"
							]
						}
					},
					"response": []
				},
				{
					"name": "getSingleProduct",
					"request": {
						"method": "POST",
						"header": [],
						"body": {
							"mode": "urlencoded",
							"urlencoded": [
								{
									"key": "id",
									"value": "66bf063155fd5ef943b0a59a",
									"type": "text"
								}
							]
						},
						"url": {
							"raw": "localhost:5000/api/getSingleProduct",
							"host": [
								"localhost"
							],
							"port": "5000",
							"path": [
								"api",
								"getSingleProduct"
							]
						}
					},
					"response": []
				},
				{
					"name": "deleteProduct",
					"request": {
						"method": "POST",
						"header": [],
						"body": {
							"mode": "urlencoded",
							"urlencoded": [
								{
									"key": "id",
									"value": "66bf063155fd5ef943b0a59a",
									"type": "text"
								}
							]
						},
						"url": {
							"raw": "localhost:5000/api/deleteProduct",
							"host": [
								"localhost"
							],
							"port": "5000",
							"path": [
								"api",
								"deleteProduct"
							]
						}
					},
					"response": []
				},
				{
					"name": "deleteByParam/_id",
					"request": {
						"method": "GET",
						"header": [],
						"url": {
							"raw": "localhost:5000/api/deleteByParam/66c96a32f820f3ba1a7e8890",
							"host": [
								"localhost"
							],
							"port": "5000",
							"path": [
								"api",
								"deleteByParam",
								"66c96a32f820f3ba1a7e8890"
							]
						}
					},
					"response": []
				},
				{
					"name": "updateProduct",
					"request": {
						"method": "POST",
						"header": [],
						"body": {
							"mode": "urlencoded",
							"urlencoded": [
								{
									"key": "_id",
									"value": "66c96ab5f820f3ba1a7e8893",
									"type": "text"
								},
								{
									"key": "productName",
									"value": "shoe",
									"type": "text"
								},
								{
									"key": "description",
									"value": "sports",
									"type": "text"
								},
								{
									"key": "size",
									"value": "8",
									"type": "text"
								},
								{
									"key": "price",
									"value": "2000",
									"type": "text"
								}
							]
						},
						"url": {
							"raw": "localhost:5000/api/updateProduct",
							"host": [
								"localhost"
							],
							"port": "5000",
							"path": [
								"api",
								"updateProduct"
							]
						}
					},
					"response": []
				},
				{
					"name": "softDeleteProduct",
					"request": {
						"method": "POST",
						"header": [
							{
								"key": "Authorization",
								"value": "{{token}}",
								"type": "text"
							}
						],
						"body": {
							"mode": "urlencoded",
							"urlencoded": [
								{
									"key": "_id",
									"value": "66c96fe0fcdec2d6576fd538",
									"type": "text"
								}
							]
						},
						"url": {
							"raw": "localhost:5000/api/softDeleteProduct",
							"host": [
								"localhost"
							],
							"port": "5000",
							"path": [
								"api",
								"softDeleteProduct"
							]
						}
					},
					"response": []
				}
			]
		},
		{
			"name": "Category",
			"item": [
				{
					"name": "addCategory",
					"request": {
						"method": "POST",
						"header": [
							{
								"key": "Authorization",
								"value": "{{token}}",
								"type": "text"
							}
						],
						"body": {
							"mode": "formdata",
							"formdata": [
								{
									"key": "categoryName",
									"value": "home12",
									"type": "text"
								},
								{
									"key": "description",
									"value": "home decor",
									"type": "text"
								},
								{
									"key": "brandId",
									"value": "66bf04b04d1b6b13f4725065",
									"type": "text"
								},
								{
									"key": "categoryImages",
									"type": "file",
									"src": "/E:/cartoon.jpg"
								}
							]
						},
						"url": {
							"raw": "localhost:5000/api/addCategory",
							"host": [
								"localhost"
							],
							"port": "5000",
							"path": [
								"api",
								"addCategory"
							]
						}
					},
					"response": []
				},
				{
					"name": "getAllCategory",
					"request": {
						"method": "POST",
						"header": [],
						"body": {
							"mode": "urlencoded",
							"urlencoded": [
								{
									"key": "brandId",
									"value": "66f25eebda1018c4437f587c",
									"type": "text"
								}
							]
						},
						"url": {
							"raw": "localhost:5000/api/getAllCategory",
							"host": [
								"localhost"
							],
							"port": "5000",
							"path": [
								"api",
								"getAllCategory"
							]
						}
					},
					"response": []
				},
				{
					"name": "getSingleCategory",
					"request": {
						"method": "POST",
						"header": [],
						"body": {
							"mode": "urlencoded",
							"urlencoded": [
								{
									"key": "_id",
									"value": "66f2608f953e2c04f01379c6",
									"type": "text"
								}
							]
						},
						"url": {
							"raw": "localhost:5000/api/getSingleCategory",
							"host": [
								"localhost"
							],
							"port": "5000",
							"path": [
								"api",
								"getSingleCategory"
							]
						}
					},
					"response": []
				},
				{
					"name": "deleteCategory",
					"request": {
						"method": "POST",
						"header": [],
						"body": {
							"mode": "urlencoded",
							"urlencoded": [
								{
									"key": "_id",
									"value": "66d01b485d674f457ebf8b3c",
									"type": "text"
								}
							]
						},
						"url": {
							"raw": "localhost:5000/api/deleteCategory",
							"host": [
								"localhost"
							],
							"port": "5000",
							"path": [
								"api",
								"deleteCategory"
							]
						}
					},
					"response": []
				},
				{
					"name": "deleteByParam/_id",
					"request": {
						"method": "DELETE",
						"header": [],
						"url": {
							"raw": "localhost:5000/api/deleteByParam/66cabce9f812d47b17036ba0",
							"host": [
								"localhost"
							],
							"port": "5000",
							"path": [
								"api",
								"deleteByParam",
								"66cabce9f812d47b17036ba0"
							]
						}
					},
					"response": []
				},
				{
					"name": "updateCategory",
					"request": {
						"method": "POST",
						"header": [
							{
								"key": "Authorization",
								"value": "{{token}}",
								"type": "text"
							}
						],
						"body": {
							"mode": "formdata",
							"formdata": [
								{
									"key": "_id",
									"value": "66f2608f953e2c04f01379c6",
									"type": "text"
								},
								{
									"key": "categoryName",
									"value": "shoe",
									"type": "text"
								},
								{
									"key": "description",
									"value": "sports",
									"type": "text"
								},
								{
									"key": "category",
									"type": "file",
									"src": "/E:/photo-1624613533305-28d421d70875.jpg"
								}
							]
						},
						"url": {
							"raw": "localhost:5000/api/updateCategory",
							"host": [
								"localhost"
							],
							"port": "5000",
							"path": [
								"api",
								"updateCategory"
							]
						}
					},
					"response": []
				},
				{
					"name": "softDeleteCategory",
					"request": {
						"method": "POST",
						"header": [
							{
								"key": "Authorization",
								"value": "{{token}}",
								"type": "text"
							}
						],
						"body": {
							"mode": "urlencoded",
							"urlencoded": [
								{
									"key": "_id",
									"value": "66f2608f953e2c04f01379c6",
									"type": "text"
								}
							]
						},
						"url": {
							"raw": "localhost:5000/api/softDeleteCategory",
							"host": [
								"localhost"
							],
							"port": "5000",
							"path": [
								"api",
								"softDeleteCategory"
							]
						}
					},
					"response": []
				}
			]
		},
		{
			"name": "Customer",
			"item": [
				{
					"name": "register",
					"request": {
						"method": "POST",
						"header": [],
						"body": {
							"mode": "formdata",
							"formdata": [
								{
									"key": "name",
									"value": "test",
									"type": "text"
								},
								{
									"key": "email",
									"value": "test12341@gmail.com",
									"type": "text"
								},
								{
									"key": "password",
									"value": "123",
									"type": "text"
								},
								{
									"key": "address",
									"value": "jal",
									"type": "text"
								},
								{
									"key": "contact",
									"value": "8728878471",
									"type": "text"
								},
								{
									"key": "userType",
									"value": "2",
									"type": "text"
								},
								{
									"key": "pincode",
									"value": "144039",
									"type": "text"
								},
								{
									"key": "adhaarImage",
									"type": "file",
									"src": "/E:/pexels-pixabay-325876.jpg"
								},
								{
									"key": "residentialProofImage",
									"type": "file",
									"src": "/E:/Residence-Certificate-Format.png"
								}
							]
						},
						"url": {
							"raw": "localhost:5000/api/register",
							"host": [
								"localhost"
							],
							"port": "5000",
							"path": [
								"api",
								"register"
							]
						}
					},
					"response": []
				}
			]
		},
		{
			"name": "User",
			"item": [
				{
					"name": "login",
					"request": {
						"method": "POST",
						"header": [
							{
								"key": "email",
								"value": "sunny@gmail.com",
								"type": "text"
							},
							{
								"key": "password",
								"value": "555",
								"type": "text"
							}
						],
						"body": {
							"mode": "urlencoded",
							"urlencoded": [
								{
									"key": "email",
									"value": "test12341@gmail.com",
									"type": "text"
								},
								{
									"key": "password",
									"value": "1234",
									"type": "text"
								}
							]
						},
						"url": {
							"raw": "localhost:5000/api/login",
							"host": [
								"localhost"
							],
							"port": "5000",
							"path": [
								"api",
								"login"
							]
						}
					},
					"response": []
				},
				{
					"name": "changePassword",
					"request": {
						"method": "POST",
						"header": [
							{
								"key": "authorization",
								"value": "{{token}}",
								"type": "text"
							}
						],
						"body": {
							"mode": "urlencoded",
							"urlencoded": [
								{
									"key": "oldPassword",
									"value": "123",
									"type": "text"
								},
								{
									"key": "confirmPassword",
									"value": "1234",
									"type": "text"
								},
								{
									"key": "newPassword",
									"value": "1234",
									"type": "text"
								}
							]
						},
						"url": {
							"raw": "{{baseUrl}}/changePassword",
							"host": [
								"{{baseUrl}}"
							],
							"path": [
								"changePassword"
							]
						}
					},
					"response": []
				},
				{
					"name": "getAllUser",
					"request": {
						"method": "POST",
						"header": [
							{
								"key": "Authorization",
								"value": "{{token}}",
								"type": "text"
							}
						],
						"body": {
							"mode": "urlencoded",
							"urlencoded": []
						},
						"url": {
							"raw": "localhost:5000/api/getAllUser",
							"host": [
								"localhost"
							],
							"port": "5000",
							"path": [
								"api",
								"getAllUser"
							]
						}
					},
					"response": []
				},
				{
					"name": "getSingleUser",
					"request": {
						"method": "POST",
						"header": [
							{
								"key": "Authorization",
								"value": "{{token}}",
								"type": "text"
							}
						],
						"body": {
							"mode": "urlencoded",
							"urlencoded": [
								{
									"key": "_id",
									"value": "66f262a1953e2c04f01379d6",
									"type": "text"
								}
							]
						},
						"url": {
							"raw": "localhost:5000/api/getSingleUser",
							"host": [
								"localhost"
							],
							"port": "5000",
							"path": [
								"api",
								"getSingleUser"
							]
						}
					},
					"response": []
				},
				{
					"name": "updateUser",
					"request": {
						"method": "POST",
						"header": [
							{
								"key": "Authorization",
								"value": "{{token}}",
								"type": "text"
							}
						],
						"body": {
							"mode": "urlencoded",
							"urlencoded": [
								{
									"key": "_id",
									"value": "66f262a1953e2c04f01379d6",
									"type": "text"
								},
								{
									"key": "name",
									"value": "test1",
									"type": "text"
								},
								{
									"key": "email",
									"value": "test1234@gmail.com",
									"type": "text"
								},
								{
									"key": "password",
									"value": "1234",
									"type": "text"
								}
							]
						},
						"url": {
							"raw": "localhost:5000/api/updateUser",
							"host": [
								"localhost"
							],
							"port": "5000",
							"path": [
								"api",
								"updateUser"
							]
						}
					},
					"response": []
				}
			]
		},
		{
			"name": "Dashboard",
			"item": [
				{
					"name": "New Request",
					"protocolProfileBehavior": {
						"disableBodyPruning": true
					},
					"request": {
						"method": "GET",
						"header": [
							{
								"key": "Authorization",
								"value": "{{token}}",
								"type": "text"
							}
						],
						"body": {
							"mode": "urlencoded",
							"urlencoded": [
								{
									"key": "authorization",
									"value": "{{token}}",
									"type": "text"
								}
							]
						},
						"url": {
							"raw": "localhost:5000/api/dashboard",
							"host": [
								"localhost"
							],
							"port": "5000",
							"path": [
								"api",
								"dashboard"
							]
						}
					},
					"response": []
				}
			]
		},
		{
			"name": "Cart",
			"item": [
				{
					"name": "addToCart",
					"request": {
						"method": "POST",
						"header": [
							{
								"key": "Authorization",
								"value": "{{token}}",
								"type": "text"
							}
						],
						"body": {
							"mode": "urlencoded",
							"urlencoded": [
								{
									"key": "productId",
									"value": "66c96ab5f820f3ba1a7e8893",
									"type": "text"
								},
								{
									"key": "userId",
									"value": "66e3c53ae85feff7b01d6a8f",
									"type": "text"
								},
								{
									"key": "price",
									"value": "3000",
									"type": "text"
								},
								{
									"key": "quantity",
									"value": "1",
									"type": "text"
								}
							]
						},
						"url": {
							"raw": "localhost:5000/api/addToCart",
							"host": [
								"localhost"
							],
							"port": "5000",
							"path": [
								"api",
								"addToCart"
							]
						}
					},
					"response": []
				},
				{
					"name": "getAllCart",
					"request": {
						"method": "POST",
						"header": [
							{
								"key": "Authorization",
								"value": "{{token}}",
								"type": "text"
							}
						],
						"body": {
							"mode": "urlencoded",
							"urlencoded": [
								{
									"key": "userId",
									"value": "66e3c53ae85feff7b01d6a8f",
									"type": "text"
								}
							]
						},
						"url": {
							"raw": "localhost:5000/api/getAllCart",
							"host": [
								"localhost"
							],
							"port": "5000",
							"path": [
								"api",
								"getAllCart"
							]
						}
					},
					"response": []
				},
				{
					"name": "getSingleCart",
					"request": {
						"method": "POST",
						"header": [
							{
								"key": "Authorization",
								"value": "{{token}}",
								"type": "text"
							}
						],
						"body": {
							"mode": "urlencoded",
							"urlencoded": [
								{
									"key": "_id",
									"value": "66f396590ece370a7654ad59",
									"type": "text"
								}
							]
						},
						"url": {
							"raw": "localhost:5000/api/getSingleCart",
							"host": [
								"localhost"
							],
							"port": "5000",
							"path": [
								"api",
								"getSingleCart"
							]
						}
					},
					"response": []
				},
				{
					"name": "updateCart",
					"request": {
						"method": "POST",
						"header": [
							{
								"key": "Authorization",
								"value": "{{token}}",
								"type": "text"
							}
						],
						"body": {
							"mode": "urlencoded",
							"urlencoded": [
								{
									"key": "_id",
									"value": "66f3b14579a26f8fdd5f0cde",
									"type": "text"
								},
								{
									"key": "quantity",
									"value": "4",
									"type": "text"
								},
								{
									"key": "price",
									"value": "1000",
									"type": "text"
								}
							]
						},
						"url": {
							"raw": "localhost:5000/api/updateCart",
							"host": [
								"localhost"
							],
							"port": "5000",
							"path": [
								"api",
								"updateCart"
							]
						}
					},
					"response": []
				},
				{
					"name": "deleteCart",
					"request": {
						"method": "POST",
						"header": [
							{
								"key": "Authorization",
								"value": "{{token}}",
								"type": "text"
							}
						],
						"body": {
							"mode": "urlencoded",
							"urlencoded": [
								{
									"key": "_id",
									"value": "66f4f552ea90f4d044d0ca82",
									"type": "text"
								}
							]
						},
						"url": {
							"raw": "localhost:5000/api/deleteCart",
							"host": [
								"localhost"
							],
							"port": "5000",
							"path": [
								"api",
								"deleteCart"
							]
						}
					},
					"response": []
				}
			]
		},
		{
			"name": "Order",
			"item": [
				{
					"name": "addOrder",
					"request": {
						"method": "POST",
						"header": [
							{
								"key": "Authorization",
								"value": "{{token}}",
								"type": "text"
							}
						],
						"body": {
							"mode": "urlencoded",
							"urlencoded": [
								{
									"key": "userId",
									"value": "66e3c53ae85feff7b01d6a8f",
									"type": "text"
								},
								{
									"key": "address",
									"value": "jal",
									"type": "text"
								}
							]
						},
						"url": {
							"raw": "localhost:5000/api/addOrder",
							"host": [
								"localhost"
							],
							"port": "5000",
							"path": [
								"api",
								"addOrder"
							]
						}
					},
					"response": []
				},
				{
					"name": "getAllOrder",
					"request": {
						"method": "POST",
						"header": [
							{
								"key": "Authorization",
								"value": "{{token}}",
								"type": "text"
							}
						],
						"body": {
							"mode": "urlencoded",
							"urlencoded": [
								{
									"key": "userId",
									"value": "66e3c53ae85feff7b01d6a8f",
									"type": "text"
								}
							]
						},
						"url": {
							"raw": "localhost:5000/api/getAllOrder",
							"host": [
								"localhost"
							],
							"port": "5000",
							"path": [
								"api",
								"getAllOrder"
							]
						}
					},
					"response": []
				},
				{
					"name": "getSingleOrder",
					"request": {
						"method": "POST",
						"header": [
							{
								"key": "Authorization",
								"value": "{{token}}",
								"type": "text"
							}
						],
						"body": {
							"mode": "urlencoded",
							"urlencoded": [
								{
									"key": "_id",
									"value": "66f50af48fa987a60d7a9ca6",
									"type": "text"
								}
							]
						},
						"url": {
							"raw": "localhost:5000/api/getSingleOrder",
							"host": [
								"localhost"
							],
							"port": "5000",
							"path": [
								"api",
								"getSingleOrder"
							]
						}
					},
					"response": []
				},
				{
					"name": "updateOrder",
					"request": {
						"method": "POST",
						"header": [
							{
								"key": "Authorization",
								"value": "{{token}}",
								"type": "text"
							}
						],
						"body": {
							"mode": "urlencoded",
							"urlencoded": [
								{
									"key": "_id",
									"value": "66f50af48fa987a60d7a9ca6",
									"type": "text"
								}
							]
						},
						"url": {
							"raw": "localhost:5000/api/updateOrder",
							"host": [
								"localhost"
							],
							"port": "5000",
							"path": [
								"api",
								"updateOrder"
							]
						}
					},
					"response": []
				}
			]
		}
	]
}